0802079954	History	1999-07-01	Aboriginal People and Colonizers of Western Canada to 1900	1999	1990	1999-07-01 12:00:00
9780776605418	History	2001-07-01	Aboriginal People and Other Canadians	2001	2000	2001-07-01 12:00:00
0921801513	Autochtones - Canada - Conditions sociales	1991-07-01	Development of Aboriginal People's Communities	1991	1990	1991-07-01 12:00:00
1895712033	Business & Economics	1994-07-01	Aboriginal Peoples and Natural Resources in Canada	1994	1990	1994-07-01 12:00:00
1877058688	Social Science	2008-07-01	Aboriginal Plant Collectors	2008	2000	2008-07-01 12:00:00
9781741159622	History	2006-08-01	Original Australians	2006	2000	2006-08-01 12:00:00
0822548542	Juvenile Nonfiction	2002-07-01	The Aboriginal Peoples of Australia	2002	2000	2002-07-01 12:00:00
1862876061	Law	2006-07-01	"The Aboriginal People, Parliament and ""protection"" in New South Wales, 1856-1916"	2006	2000	2006-07-01 12:00:00
9780855757793	History	2011-07-01	Indifferent Inclusion	2011	2010	2011-07-01 12:00:00
0313315663	Language Arts & Disciplines	2001-07-01	Voices in the Wilderness	2001	2000	2001-07-01 12:00:00
9781921719738	NATURE	2011-07-01	Aboriginal People and Their Plants	2011	2010	2011-07-01 12:00:00
9780774824224	Social Science	2012-12-25	Aboriginal Peoples and Sport in Canada	2012	2010	2012-12-25 12:00:00
UOM:39015024740667	Aboriginal Australians	1992-07-01	Aboriginal People of New South Wales	1992	1990	1992-07-01 12:00:00
1896691560	Indians of North America	1999-07-01	Economic Development Among the Aboriginal Peoples of Canada	1999	1990	1999-07-01 12:00:00
9780521807890	History	2001-10-01	The Australian People	2001	2000	2001-10-01 12:00:00
STANFORD:36105063267129	Aboriginal Australians	2004-07-01	Aboriginal People and Justice Services	2004	2000	2004-07-01 12:00:00
9781550287752	Social Science	2002-10-03	Justice for Canada's Aboriginal Peoples	2002	2000	2002-10-03 12:00:00
9780886274542	Community development	2006-07-01	In a Voice of Their Own: Urban Aboriginal Community Development	2006	2000	2006-07-01 12:00:00
9781921410741	History	2009-07-01	Rivers and Resilience	2009	2000	2009-07-01 12:00:00
9781459718883	Political Science	1991-01-01	Aboriginal Peoples and Electoral Reform in Canada	1991	1990	1991-01-01 12:00:00
0889771391	History	2002-07-01	Plain Speaking	2002	2000	2002-07-01 12:00:00
0868408077	History	2008-07-01	Rights and Redemption	2008	2000	2008-07-01 12:00:00
9781554583140	Social Science	2011-04-12	Aboriginal Peoples in Canadian Cities	2011	2010	2011-04-12 12:00:00
9780774823371	Social Science	2013-02-11	Aboriginal Peoples and Forest Lands in Canada	2013	2010	2013-02-11 12:00:00
9780886290900	Political Science	1989-10-15	Aboriginal Peoples and Government Responsibility	1989	1980	1989-10-15 12:00:00
9781554539307	Juvenile Nonfiction	2012-07-01	The Kids Book of Aboriginal Peoples in Canada	2012	2010	2012-07-01 12:00:00
0968060811	Law	1996-07-01	Aboriginal people and Canadian law	1996	1990	1996-07-01 12:00:00
9781107055339	Law	2014-06-12	Intellectual Property, Indigenous People and their Knowledge	2014	2010	2014-06-12 12:00:00
0802065899	Social Science	1985-01-01	The Quest for Justice	1985	1980	1985-01-01 12:00:00
9781317938378	History	2014-10-17	Aboriginal Peoples, Colonialism and International Law	2014	2010	2014-10-17 12:00:00
9781863118101	Aboriginal Australians	2003-07-01	Australian Aboriginal Culture	2003	2000	2003-07-01 12:00:00
1552661032	Social Science	2003-07-01	Accounting for genocide	2003	2000	2003-07-01 12:00:00
0773523537	Political Science	2002-07-01	Urban Affairs	2002	2000	2002-07-01 12:00:00
9780773583559	Social Science	1985-02-15	Aboriginal Peoples and the Law	1985	1980	1985-02-15 12:00:00
9780774858489	Education	2009-05-01	Braiding Histories	2009	2000	2009-05-01 12:00:00
9780886274306	Elections	2005-07-01	A Very Hostile System in Which to Live: Aboriginal Electoral Participation in Winnipeg’s Inner City	2005	2000	2005-07-01 12:00:00
9781926706849	Social Science	2009-12-01	First Peoples In Canada	2009	2000	2009-12-01 12:00:00
UVA:X001398465	History	1983-12-01	The Aboriginal people of Tasmania	1983	1980	1983-12-01 12:00:00
STANFORD:36105063706449	Aboriginal Australians	2005-07-01	Aboriginal people, criminal law and sentencing	2005	2000	2005-07-01 12:00:00
9780774815604	Law	2010-07-01	Aboriginal Title and Indigenous Peoples	2010	2010	2010-07-01 12:00:00
3110190796	Language Arts & Disciplines	2007-07-01	The Habitat of Australia's Aboriginal Languages	2007	2000	2007-07-01 12:00:00
9780643108103	Science	2013-07-22	The Aboriginal Story of Burke and Wills	2013	2010	2013-07-22 12:00:00
9781743099124	Political Science	2013-04-15	Boyer Lectures 2012: The Quiet Revolution: Indigenous People and the Resources Boom	2013	2010	2013-04-15 12:00:00
9781921862786	Reference	2012-07-01	Indigenous People's Innovation	2012	2010	2012-07-01 12:00:00
9780855755621	History	1994-07-01	Aboriginal Self-determination in Australia	1994	1990	1994-07-01 12:00:00
9780774830911	Social Science	2016-03-20	Fragile Settlements	2016	2010	2016-03-20 12:00:00
1551640104	Social Science	1994-07-01	Aboriginal Peoples	1994	1990	1994-07-01 12:00:00
STANFORD:36105016070802	Business & Economics	1993-01-01	Aboriginal people in the economy of the Kimberley Region	1993	1990	1993-01-01 12:00:00
9004124780	Social Science	2002-07-01	Nyoongar People of Australia	2002	2000	2002-07-01 12:00:00
0306457385	Medical	1998-06-30	International Handbook of Multigenerational Legacies of Trauma	1998	1990	1998-06-30 12:00:00
9780886273491	Citizens' associations	2004-07-01	Aboriginal Involvement in Community Development	2004	2000	2004-07-01 12:00:00
UOM:39015034427909	Psychology	1995-07-01	Choosing life	1995	1990	1995-07-01 12:00:00
9781742231167	History	2010-07-01	Sydney's Aboriginal Past	2010	2010	2010-07-01 12:00:00
9780774843034	Political Science	2011-11-01	Aboriginal Peoples and Politics	2011	2010	2011-11-01 12:00:00
0774810270	Law	2005-01-01	Intercultural Dispute Resolution in Aboriginal Contexts	2005	2000	2005-01-01 12:00:00
UOM:39015061461938	Indians of North America	2002-07-01	Aboriginal people in Manitoba	2002	2000	2002-07-01 12:00:00
0774805838	History	1996-07-01	Politics, Policy, and Government in British Columbia	1996	1990	1996-07-01 12:00:00
9789004166943	Law	2008-07-01	Property Rights, Indigenous People and the Developing World	2008	2000	2008-07-01 12:00:00
9781134591961	Science	2003-12-25	Population Mobility and Indigenous Peoples in Australasia and North America	2003	2000	2003-12-25 12:00:00
9781409492153	Social Science	2012-12-28	Aboriginal Family and the State	2012	2010	2012-12-28 12:00:00
0802084699	History	2002-07-01	Aboriginal Peoples of Canada	2002	2000	2002-07-01 12:00:00
UOM:39015054110864	City and town life	1993-01-01	Aboriginal Peoples in Urban Centres	1993	1990	1993-01-01 12:00:00
1599043009	Computers	2006-08-31	Information Technology and Indigenous People	2006	2000	2006-08-31 12:00:00
1845193083	History	2010-07-01	Missionaries, Indigenous Peoples and Cultural Exchange	2010	2010	2010-07-01 12:00:00
1862876266	Social Science	2006-07-01	Thinking about Poverty	2006	2000	2006-07-01 12:00:00
0759106576	Social Science	2004-01-01	After Captain Cook	2004	2000	2004-01-01 12:00:00
0724527907	Aboriginal Australians	2002-07-01	Harvesting of Didjeridu by Aboriginal People and Their Participation in the Industry in the Northern Territory	2002	2000	2002-07-01 12:00:00
1876067195	Law	2008-01-15	Crime, Aboriginality and the Decolonisation of Justice	2008	2000	2008-01-15 12:00:00
1862876185	Law	2006-07-01	Settling with Indigenous People	2006	2000	2006-07-01 12:00:00
9780774842709	Social Science	2011-11-01	Comparing the Policy of Aboriginal Assimilation	2011	2010	2011-11-01 12:00:00
1919876588	Ethnoscience	2002-07-01	Indigenous Knowledge and the Integration of Knowledge Systems	2002	2000	2002-07-01 12:00:00
9781442606623	Social Science	2016-03-08	The Colonial Problem	2016	2010	2016-03-08 12:00:00
9781430318286	Architecture	2007-02-01	Ancient Roots I: the Indigenous People and Architecture of the Southern Highlands	2007	2000	2007-02-01 12:00:00
9781434327673	History	2008-07-01	The Unknown Lore of Amexem's Indigenous People	2008	2000	2008-07-01 12:00:00
9781472402974	Religion	2013-10-28	Religious Change and Indigenous Peoples	2013	2010	2013-10-28 12:00:00
1588340589	History	2002-07-01	Uncovering Australia	2002	2000	2002-07-01 12:00:00
1876633891	Aboriginal Australians	2005-07-01	An Introduction to Aboriginal Societies	2005	2000	2005-07-01 12:00:00
9780774841351	Social Science	2011-11-01	Citizens Plus	2011	2010	2011-11-01 12:00:00
9781134620555	Law	2013-07-24	Indigenous People, Crime and Punishment	2013	2010	2013-07-24 12:00:00
9781781952641	Business & Economics	2007-07-01	International Handbook of Research on Indigenous Entrepreneurship	2007	2000	2007-07-01 12:00:00
9780729580687	Medical	2011-11-21	ACCCN's Critical Care Nursing	2011	2010	2011-11-21 12:00:00
9781921862960	HISTORY	2012-07-01	Black Gold	2012	2010	2012-07-01 12:00:00
9781135578503	Education	2002-09-11	What is Indigenous Knowledge?	2002	2000	2002-09-11 12:00:00
9781135037888	Law	2013-07-24	The Aboriginal Tent Embassy	2013	2010	2013-07-24 12:00:00
9781135314392	Law	2008-04-16	Indigenous Australians and the Law	2008	2000	2008-04-16 12:00:00
0855754826	Nature	2005-07-01	Mutton Fish	2005	2000	2005-07-01 12:00:00
0521469155	Business & Economics	1994-01-01	Aboriginal Labour and the Cattle Industry	1994	1990	1994-01-01 12:00:00
9781134936151	Social Science	2002-09-11	Social Welfare with Indigenous Peoples	2002	2000	2002-09-11 12:00:00
UOM:39015038424506	History	1994-01-01	Through their eyes	1994	1990	1994-01-01 12:00:00
9789051669787	Law	2003-07-01	Indigenous Peoples	2003	2000	2003-07-01 12:00:00
9780729539364	Medical	2010-07-01	Binan Goonj	2010	2010	2010-07-01 12:00:00
1862871787	Aboriginal Australians	1995-07-01	Aboriginal Dispute Resolution	1995	1990	1995-07-01 12:00:00
0773514228	Philosophy	1996-07-01	The Moral Foundations of Canadian Federalism	1996	1990	1996-07-01 12:00:00
3825882373	Social Science	2005-07-01	Aboriginal Women's Narratives	2005	2000	2005-07-01 12:00:00
0868405590	Business & Economics	2004-07-01	Shared Landscapes	2004	2000	2004-07-01 12:00:00
9781612332673	Social Science	2013-07-01	Indigenous People and the Roles of Culture, Law and Globalization	2013	2010	2013-07-01 12:00:00
9781442603561	Social Science	2012-07-01	Indigenous Peoples of North America	2012	2010	2012-07-01 12:00:00
0868403016	Science	1995-07-01	Aboriginal Environmental Impacts	1995	1990	1995-07-01 12:00:00
STANFORD:36105016423514	Reference	1993-07-01	The Aboriginal people of Victoria	1993	1990	1993-07-01 12:00:00
9780855757489	History	2011-07-01	One Law for All?	2011	2010	2011-07-01 12:00:00
9781412926942	Social Science	2008-03-20	Encyclopedia of Race, Ethnicity, and Society	2008	2000	2008-03-20 12:00:00
0618181814	Juvenile Nonfiction	2003-07-01	Uluru, Australia's Aboriginal Heart	2003	2000	2003-07-01 12:00:00
9781920942540	SOCIAL SCIENCE	2005-07-01	Indigenous People and the Pilbara Mining Boom	2005	2000	2005-07-01 12:00:00
0739105213	Performing Arts	2003-01-01	Screening Culture	2003	2000	2003-01-01 12:00:00
9781922059260	Language Arts & Disciplines	2013-06-14	Aboriginal Ways of Using English	2013	2010	2013-06-14 12:00:00
9780774840682	Social Science	2011-11-01	A People's Dream	2011	2010	2011-11-01 12:00:00
8798411039	Social Science	1997-01-01	Indigenous Heritage and Self-determination	1997	1990	1997-01-01 12:00:00
UOM:39015033328876	Political Science	1993-07-01	Policing Services for Aboriginal Peoples	1993	1990	1993-07-01 12:00:00
1862875995	Human services	2006-07-01	Social Work and Human Services Best Practice	2006	2000	2006-07-01 12:00:00
9780773587458	Political Science	2012-01-10	Urban Aboriginal Policy Making in Canadian Municipalities	2012	2010	2012-01-10 12:00:00
0494232544	Indians of North America	2006-07-01	The Aboriginal Peoples Television Network: An Institutional Model of Empowerment	2006	2000	2006-07-01 12:00:00
9780774852012	Education	2007-10-01	Aboriginal Education	2007	2000	2007-10-01 12:00:00
9780759114807	Political Science	2005-06-09	Indigenous Peoples and the Modern State	2005	2000	2005-06-09 12:00:00
9781442690981	Social Science	2006-07-30	Aboriginal Health in Canada	2006	2000	2006-07-30 12:00:00
0521446376	History	1994-10-17	Aboriginal Autonomy	1994	1990	1994-10-17 12:00:00
9789211321876	City dwellers	2009-07-01	Housing Indigenous Peoples in Cities	2009	2000	2009-07-01 12:00:00
9780774858632	Medical	2009-05-01	Healing Traditions	2009	2000	2009-05-01 12:00:00
0521110491	Biography & Autobiography	2009-05-07	Palaeopathology of Aboriginal Australians	2009	2000	2009-05-07 12:00:00
9780769638652	Juvenile Nonfiction	2006-12-11	Reading, Grade 5	2006	2000	2006-12-11 12:00:00
9780987283719	Education	2014-04-07	walata tyamateetj	2014	2010	2014-04-07 12:00:00
9780889204607	Philosophy	2005-03-15	Walking a Tightrope	2005	2000	2005-03-15 12:00:00
9780857931818	Business & Economics	2011-01-01	Democratizing Health	2011	2010	2011-01-01 12:00:00
9780773567993	Social Science	2000-02-04	Aboriginal Rights and Self-Government	2000	2000	2000-02-04 12:00:00
1571818413	Nature	2002-07-01	Conservation and Mobile Indigenous Peoples	2002	2000	2002-07-01 12:00:00
9781551303352	Social Science	2007-07-01	Race and Racialization	2007	2000	2007-07-01 12:00:00
9789814021845	Education	2012-11-19	Pedagogies to Enhance Learning for Indigenous Students	2012	2010	2012-11-19 12:00:00
9789400718425	Social Science	2011-12-15	International Handbook of Rural Demography	2011	2010	2011-12-15 12:00:00
0660162830	Community policing	1996-01-15	Bridging the Cultural Divide	1996	1990	1996-01-15 12:00:00
1845195299	History	2011-12-07	Aboriginal Dreaming Paths and Trading Routes	2011	2010	2011-12-07 12:00:00
0815605870	History	2000-07-01	Second Nature	2000	2000	2000-07-01 12:00:00
9780729582179	Medical	2012-10-30	Joints and Connective Tissues	2012	2010	2012-10-30 12:00:00
0889771448	Social Science	2000-07-01	First Nations	2000	2000	2000-07-01 12:00:00
9780802037848	History	2005-07-01	Canadian Missionaries, Indigenous Peoples	2005	2000	2005-07-01 12:00:00
9781863114332	Aboriginal Australians	1996-07-01	Aboriginal Studies	1996	1990	1996-07-01 12:00:00
9780855754464	Social Science	2006-07-01	Aboriginal Darwin	2006	2000	2006-07-01 12:00:00
1433105136	Education	2009-07-01	A Twenty-first Century Approach to Teaching Social Justice	2009	2000	2009-07-01 12:00:00
019541280X	Indigenous peoples	1998-10-01	Aboriginal Peoples	1998	1990	1998-10-01 12:00:00
9781136237966	Political Science	2014-06-27	Routledge Handbook of Global Citizenship Studies	2014	2010	2014-06-27 12:00:00
0822331136	Photography	2003-04-24	Photography’s Other Histories	2003	2000	2003-04-24 12:00:00
0889771898	History	2007-07-01	Saskatchewan	2007	2000	2007-07-01 12:00:00
0802082955	Medical	2001-07-01	Medicine that Walks	2001	2000	2001-07-01 12:00:00
1862545758	Social Science	2004-07-01	Country, Kin and Culture	2004	2000	2004-07-01 12:00:00
9781317579199	Social Science	2014-06-17	Strong and Smart – Towards a Pedagogy for Emancipation	2014	2010	2014-06-17 12:00:00
9780802099075	Social Science	2008-07-01	Applied Anthropology in Canada	2008	2000	2008-07-01 12:00:00
303911722X	Social Science	2009-07-01	Dreams and Nightmares of a White Australia	2009	2000	2009-07-01 12:00:00
9780231530309	Social Science	2011-11-15	Social Construction and Social Work Practice	2011	2010	2011-11-15 12:00:00
0774805811	Political Science	1997-07-01	Aboriginal and Treaty Rights in Canada	1997	1990	1997-07-01 12:00:00
9781921666865	Aboriginal Australians	2010-07-01	Indigenous Participation in Australian Economies	2010	2010	2010-07-01 12:00:00
9780729578431	Medical	2007-11-27	Analysing Health Policy	2007	2000	2007-11-27 12:00:00
9781920942083	Aboriginal Australians	2004-07-01	Aboriginal Population Profiles for Development Planning in the Northern East Kimberley	2004	2000	2004-07-01 12:00:00
9780773543904	Political Science	2015-01-01	Blockades Or Breakthroughs?	2015	2010	2015-01-01 12:00:00
9781134304400	Social Science	2007-12-12	Archaeology of Ancient Australia	2007	2000	2007-12-12 12:00:00
0719060664	History	2001-07-01	Law, History, Colonialism	2001	2000	2001-07-01 12:00:00
9781136331152	Social Science	2012-11-27	Anthropologists, Indigenous Scholars and the Research Endeavour	2012	2010	2012-11-27 12:00:00
9781409437772	Social Science	2014-01-08	Natural Resource Extraction and Indigenous Livelihoods	2014	2010	2014-01-08 12:00:00
9780774840552	History	2011-11-01	Aboriginal Conditions	2011	2010	2011-11-01 12:00:00
9781921862434	Social Science	2011-07-01	Law's Anthropology	2011	2010	2011-07-01 12:00:00
9781571135216	Literary Criticism	2013-07-01	A Companion to Australian Aboriginal Literature	2013	2010	2013-07-01 12:00:00
9789401139755	Technology & Engineering	2012-12-06	Mercury as a Global Pollutant: Human Health Issues	2012	2010	2012-12-06 12:00:00
0759109079	Social Science	2005-01-01	Appropriated Pasts	2005	2000	2005-01-01 12:00:00
0195173503	Law	2004-07-01	Indigenous Peoples in International Law	2004	2000	2004-07-01 12:00:00
1895712378	Autochtones	1995-07-01	Northern Aboriginal Communities	1995	1990	1995-07-01 12:00:00
9781743051726	Aboriginal Australians	2012-09-27	Out of the Silence	2012	2010	2012-09-27 12:00:00
0754674495	Social Science	2008-07-01	Mortality, Mourning and Mortuary Practices in Indigenous Australia	2008	2000	2008-07-01 12:00:00
9780855754501	Self-Help	2003-01-15	Addictions and Healing in Aboriginal Country	2003	2000	2003-01-15 12:00:00
UCAL:$B567650	Social Science	1952-07-01	Reminiscences of the aboriginal station at Cummeragunga and its aboriginal people	1952	1950	1952-07-01 12:00:00
0262531178	Science	1993-07-01	Dictionary of Environment and Development	1993	1990	1993-07-01 12:00:00
1442600055	Social Science	2008-07-01	Ending Denial	2008	2000	2008-07-01 12:00:00
9780810874756	History	2010-12-29	Historical Dictionary of Australian Aborigines	2010	2010	2010-12-29 12:00:00
1845454200	Social Science	2010-07-01	The New Media Nation	2010	2010	2010-07-01 12:00:00
9781551302980	History	2006-07-01	Canadian Working-class History	2006	2000	2006-07-01 12:00:00
9780855751852	Social Science	1988-07-01	Being Black	1988	1980	1988-07-01 12:00:00
1740591992	Travel	2003-07-01	Northern Territory	2003	2000	2003-07-01 12:00:00
9783110208320	Language Arts & Disciplines	2008-09-25	Courtroom Talk and Neocolonial Control	2008	2000	2008-09-25 12:00:00
9781443815062	Social Science	2009-10-02	Psychology and Indigenous Australians	2009	2000	2009-10-02 12:00:00
9781442626126	Art	2013-07-01	First Peoples of Canada	2013	2010	2013-07-01 12:00:00
9781551305714	Employee health promotion	2014-06-20	Workplace Wellness	2014	2010	2014-06-20 12:00:00
9781118308431	Political Science	2012-03-16	Indigenous Australia for Dummies	2012	2010	2012-03-16 12:00:00
0802079172	Political Science	1998-07-01	Unfinished Dreams	1998	1990	1998-07-01 12:00:00
9781782383369	Social Science	2013-01-15	Indigenous Peoples And Demography	2013	2010	2013-01-15 12:00:00
9781606086087	Religion	2009-05-04	Following Jesus in Invaded Space	2009	2000	2009-05-04 12:00:00
9780774841719	Social Science	2011-11-01	Protecting Aboriginal Children	2011	2010	2011-11-01 12:00:00
9780821383698	Law	2004-01-29	Poor People's Knowledge	2004	2000	2004-01-29 12:00:00
9780191650390	Social Science	2013-06-06	The Oxford Handbook of the Archaeology of Death and Burial	2013	2010	2013-06-06 12:00:00
9780729581523	Medical	2014-01-26	Contexts of Nursing	2014	2010	2014-01-26 12:00:00
9781317659327	History	2014-06-27	Indigenous Networks	2014	2010	2014-06-27 12:00:00
9781486007202	Social Science	2014-09-01	Australian Sociology	2014	2010	2014-09-01 12:00:00
9781847206985	Business & Economics	2007-01-01	Handbook of Research in Entrepreneurship Education	2007	2000	2007-01-01 12:00:00
9781592131426	History	2009-08-21	Oral History and Public Memories	2009	2000	2009-08-21 12:00:00
9781921666742	HISTORY	2013-09-11	Making Change Happen	2013	2010	2013-09-11 12:00:00
0521586720	Biography & Autobiography	1997-06-30	The Politics of Identity in Australia	1997	1990	1997-06-30 12:00:00
9780855754693	History	2004-01-01	A Bend in the Yarra	2004	2000	2004-01-01 12:00:00
9789401701495	Science	2013-04-17	Nature Across Cultures	2013	2010	2013-04-17 12:00:00
0754615979	Religion	2006-07-01	Indigenous Peoples' Wisdom and Power	2006	2000	2006-07-01 12:00:00
0868406449	History	2002-07-01	Looking for Blackfellas' Point	2002	2000	2002-07-01 12:00:00
1845454480	Health & Fitness	2009-07-01	Pursuits of Happiness	2009	2000	2009-07-01 12:00:00
0198297688	Political Science	2000-07-01	Culture, Citizenship, and Community	2000	2000	2000-07-01 12:00:00
9781409487357	Social Science	2012-11-28	Geographies of Australian Heritages	2012	2010	2012-11-28 12:00:00
9781409454571	Social Science	2015-03-28	Geographies of Health and Development	2015	2010	2015-03-28 12:00:00
9780774842112	Social Science	2011-11-01	Un/Covering the North	2011	2010	2011-11-01 12:00:00
0802084044	Social Science	2003-07-01	Social Differentiation	2003	2000	2003-07-01 12:00:00
3515066799	Social Science	1995-01-15	Law, Justice and the State: Problems in law	1995	1990	1995-01-15 12:00:00
9780750664462	Business & Economics	2007-07-01	Tourism and Indigenous Peoples	2007	2000	2007-07-01 12:00:00
0521794846	Biography & Autobiography	2000-08-28	Dingo Makes Us Human	2000	2000	2000-08-28 12:00:00
0802080499	Law	2001-01-01	Indigenous Difference and the Constitution of Canada	2001	2000	2001-01-01 12:00:00
9781134391554	Social Science	2004-11-10	Indigenous Archaeologies	2004	2000	2004-11-10 12:00:00
9781137469816	Social Science	2014-09-16	Mobile Media Making in an Age of Smartphones	2014	2010	2014-09-16 12:00:00
1433101025	Social Science	2010-07-01	Indigenous Cosmopolitans	2010	2010	2010-07-01 12:00:00
9781921825484	Social Science	2011-02-28	Up from the Mission	2011	2010	2011-02-28 12:00:00
9781900934121	Prosopography	2007-07-01	Prosopography Approaches and Applications	2007	2000	2007-07-01 12:00:00
0851997627	Travel	2003-07-01	Ecotourism Policy and Planning	2003	2000	2003-07-01 12:00:00
9780729581561	Medical	2013-06-18	Psychology for health professionals	2013	2010	2013-06-18 12:00:00
9781844070459	Nature	2005-07-01	Carving Out a Future	2005	2000	2005-07-01 12:00:00
9780773589360	Social Science	2013-09-01	Canadian Policing in the 21st Century	2013	2010	2013-09-01 12:00:00
9780857938312	Political Science	2012-01-01	International Trade in Indigenous Cultural Heritage	2012	2010	2012-01-01 12:00:00
9780857455086	Performing Arts	2012-09-15	Performing Place, Practising Memories	2012	2010	2012-09-15 12:00:00
9780980327236	Nature	2009-09-01	The Natural History of Sydney	2009	2000	2009-09-01 12:00:00
9781137426673	Social Science	2014-06-05	Indigenous Australia and the Unfinished Business of Theology	2014	2010	2014-06-05 12:00:00
9781442236820	Language Arts & Disciplines	2014-06-11	Aboriginal and Visible Minority Librarians	2014	2010	2014-06-11 12:00:00
9789401734714	Science	2013-06-29	The Sustainability of Rural Systems	2013	2010	2013-06-29 12:00:00
9781409497875	Political Science	2013-02-28	Aboriginal Child Welfare, Self-Government and the Rights of Indigenous Children	2013	2010	2013-02-28 12:00:00
0868408891	History	2007-07-01	Longevity and Social Change in Australia	2007	2000	2007-07-01 12:00:00
9780774840125	Social Science	2011-11-01	New Histories for Old	2011	2010	2011-11-01 12:00:00
9780729579544	Medical	2011-07-22	Community Health and Wellness	2011	2010	2011-07-22 12:00:00
9780643108950	Nature	2014-03-15	Geoarchaeology of Aboriginal Landscapes in Semi-arid Australia	2014	2010	2014-03-15 12:00:00
0802080596	Education	2000-01-01	Indigenous Knowledges in Global Contexts	2000	2000	2000-01-01 12:00:00
9781921212000	Athletes, Aboriginal Australian	2006-01-01	Australia's Blackest Sporting Moments	2006	2000	2006-01-01 12:00:00
1862877076	Aboriginal Australians	2008-07-01	Resolving Indigenous Disputes	2008	2000	2008-07-01 12:00:00
0774804785	History	1993-01-01	A World that was	1993	1990	1993-01-01 12:00:00
9781137272782	Social Science	2012-10-23	Neoliberal Australia and US Imperialism in East Asia	2012	2010	2012-10-23 12:00:00
9781554588077	Reference	2009-07-23	Encyclopedia of Canadian Social Work	2009	2000	2009-07-23 12:00:00
9781922059598	History	2014-04-14	Calling the shots	2014	2010	2014-04-14 12:00:00
9780855754686	History	2004-01-01	Seeking Racial Justice	2004	2000	2004-01-01 12:00:00
STANFORD:36105113030303	History	2002-07-01	Invisible Invaders	2002	2000	2002-07-01 12:00:00
0813016924	History	1998-12-01	The Indigenous People of the Caribbean	1998	1990	1998-12-01 12:00:00
0522849814	Religion	2001-07-01	Blood, Bones and Spirit	2001	2000	2001-07-01 12:00:00
9780855752415	Foreign Language Study	1993-01-01	Language and Culture in Aboriginal Australia	1993	1990	1993-01-01 12:00:00
0859010694	Aboriginal Tasmanians	1976-07-01	A Chronology of Events Affecting Tasmanian Aboriginal People Since Contact by Whites (1772-1976)	1976	1970	1976-07-01 12:00:00
0855755539	Religion	2007-07-01	White Christ Black Cross	2007	2000	2007-07-01 12:00:00
0724381252	Aboriginal Australians	1989-07-01	The Kaurna People	1989	1980	1989-07-01 12:00:00
1862878935	Aboriginal Australians	2012-07-01	People on Country	2012	2010	2012-07-01 12:00:00
9781922144737	History	2013-07-01	My Country, Mine Country	2013	2010	2013-07-01 12:00:00
9780802085818	Social Science	2005-07-01	Hidden in Plain Sight	2005	2000	2005-07-01 12:00:00
9780855752071	Biography & Autobiography	1989-01-01	Reaching Back	1989	1980	1989-01-01 12:00:00
UOM:39015076182107	History	2008-07-01	Makúk	2008	2000	2008-07-01 12:00:00
STANFORD:36105114367191	Archaeology	2003-07-01	Indigenous people & archaeology	2003	2000	2003-07-01 12:00:00
0987138936	Aboriginal Australians	2012-07-01	The Australian Aboriginal	2012	2010	2012-07-01 12:00:00
9781403979421	Social Science	2005-10-20	Reclaiming Culture	2005	2000	2005-10-20 12:00:00
9780889206939	History	1999-01-01	Circles of Time	1999	1990	1999-01-01 12:00:00
1864363304	Aboriginal Australians	1998-07-01	Aboriginal Australians	1998	1990	1998-07-01 12:00:00
0858349175	Aboriginal Australians	1990-07-01	Welfare and Aboriginal People in Australia	1990	1990	1990-07-01 12:00:00
STANFORD:36105081418530	Social Science	1977-07-01	But now we want the land back	1977	1970	1977-07-01 12:00:00
1926685911	Social Science	2009-07-01	Where the Pavement Ends	2009	2000	2009-07-01 12:00:00
1876486015	Aboriginal Australians	1998-11-01	About Aboriginal People	1998	1990	1998-11-01 12:00:00
IND:30000035543093	Aboriginal Australians	1993-01-01	Visible and Invisible	1993	1990	1993-01-01 12:00:00
0724381503	Social Science	1990-12-31	The Ngarrindjeri people	1990	1990	1990-12-31 12:00:00
0859103919	Aboriginal Australians	1987-07-01	I'd Rather Dig Potatoes	1987	1980	1987-07-01 12:00:00
1876225181	Aboriginal Australians	2007-07-01	Aboriginal Australians	2007	2000	2007-07-01 12:00:00
1563089238	Education	2001-07-01	Gadi mirrabooka	2001	2000	2001-07-01 12:00:00
UOM:39015060369579	History	2004-07-01	Honour among nations	2004	2000	2004-07-01 12:00:00
0855754982	Psychology	2005-07-01	Aboriginal Suicide is Different	2005	2000	2005-07-01 12:00:00
UVA:X002018395	History	1990-01-01	Take this Child	1990	1990	1990-01-01 12:00:00
0549518517	Circadian rhythms	2007-07-01	Circadian Rhythm of People of a Sub-polar Region	2007	2000	2007-07-01 12:00:00
0731017374	Aboriginal Australians	1998-07-01	A Guide to New South Wales State Archives Relating to Aboriginal People	1998	1990	1998-07-01 12:00:00
OCLC:150723209	Arctic peoples	1995-07-01	Circumpolar Aboriginal People and Co-management Practice	1995	1990	1995-07-01 12:00:00
OCLC:221970443	Aboriginal Australians	1994-07-01	Social Work, Institutional Racism and Service Provision to Aboriginal People	1994	1990	1994-07-01 12:00:00
0724361308	Aboriginal Australians	1981-07-01	Plant Use by the Australian Aboriginal People	1981	1980	1981-07-01 12:00:00
0662429230	Autochtones	2006-01-01	Aboriginal People in Manitoba	2006	2000	2006-01-01 12:00:00
STANFORD:36105043165534	Mathematics	1990-07-01	Aboriginal People in the Northern Territory	1990	1990	1990-07-01 12:00:00
1741379008	Aboriginal Australians	2006-07-01	Aboriginal People, the Environment and Conservation	2006	2000	2006-07-01 12:00:00
0730693708	Aboriginal Australians	1998-01-01	The Aboriginal People of Victoria	1998	1990	1998-01-01 12:00:00
0731549481	Business & Economics	2008-07-01	Ord Stage 2 and the Socioeconomic Status of Indigenous People in the East Kimberley Region	2008	2000	2008-07-01 12:00:00
1741900972	Aboriginal Australians	2009-07-01	Working with Aboriginal People and Communities	2009	2000	2009-07-01 12:00:00
OCLC:223172674	Aboriginal Australians	1996-07-01	"""Let Me Die in My Country"""	1996	1990	1996-07-01 12:00:00
1741370779	Aboriginal Australians	2004-01-01	Aboriginal People Protecting Country	2004	2000	2004-01-01 12:00:00
0869420925	Yolngu languages	1999-07-01	"The Natural World of the Aboriginal People of North East Arnhem Land, the ""Yolnu"""	1999	1990	1999-07-01 12:00:00
0731517369	Aboriginal Australians	1994-07-01	The Relative Economic Status of Indigenous People in the Northern Territory, 1986-91	1994	1990	1994-07-01 12:00:00
0731511603	Aboriginal Australians	1991-07-01	Geographic Variations in the Economic Status of Aboriginal People	1991	1990	1991-07-01 12:00:00
0724380531	Aboriginal Australians	1988-07-01	Aboriginal People and Their Communities Today	1988	1980	1988-07-01 12:00:00
0731517180	Aboriginal Australians	1993-07-01	Determining the Labour Force Status of Aboriginal People Using a Multinominal Logir Model	1993	1990	1993-07-01 12:00:00
0642158703	Aboriginal Australians	1991-07-01	Aboriginal People of the Northern Territory	1991	1990	1991-07-01 12:00:00
1875160183	Aboriginal Australians	2001-07-01	Aboriginal People of the Eastern Coast of Sydney	2001	2000	2001-07-01 12:00:00
0724258574	Aboriginal Australians	1994-07-01	The Health of Indigenous People in Queensland	1994	1990	1994-07-01 12:00:00
0731526546	Aboriginal Australians	2001-07-01	Implications of Developments in Telecommunications for Indigenous People in Remote and Rural Australia	2001	2000	2001-07-01 12:00:00
0646347691	Aboriginal Australians	1997-07-01	Housing Aboriginal People	1997	1990	1997-07-01 12:00:00
0644116358	Aboriginal Australians	1991-07-01	Consultation with Aboriginal People about Aboriginal Heritage	1991	1990	1991-07-01 12:00:00
0642162670	Aboriginal Australians	1992-07-01	Aboriginal People of South Australia	1992	1990	1992-07-01 12:00:00
1921380861	Aboriginal Australians	2008-07-01	Stories on 'growing Up' from Indigenous People in the ACT Metro/Queanbeyan Region	2008	2000	2008-07-01 12:00:00
0660148390	Indians of North America	1992-07-01	Aboriginal People and Taxation	1992	1990	1992-07-01 12:00:00
0646177206	Aboriginal Australians	1994-07-01	The Aboriginal People of the South East	1994	1990	1994-07-01 12:00:00
0992402387	Aboriginal Australians	2014-07-01	The Civil and Family Law Needs of Indigenous People in Queensland	2014	2010	2014-07-01 12:00:00
0731556399	Aboriginal Australians	2004-07-01	Indigenous People in the Murray-Darling Basin	2004	2000	2004-07-01 12:00:00
OCLC:221693882	Aboriginal Australians	1992-07-01	Aboriginal People of South Australia	1992	1990	1992-07-01 12:00:00
0642144702	Aboriginal Australians	1988-07-01	Issues Affecting Older Aboriginal People	1988	1980	1988-07-01 12:00:00
0730987000	Aboriginal Australians	1997-07-01	Overcoming Workplace Barriers for Aboriginal People	1997	1990	1997-07-01 12:00:00
174187565X	Aboriginal Australians	2010-07-01	Chronic Care for Aboriginal People	2010	2010	2010-07-01 12:00:00
LCCN:96170357	Aboriginal Australians	1994-07-01	Regional Planning Profiles	1994	1990	1994-07-01 12:00:00
OCLC:489813571	Indian mass media	2008-07-01	Unmasking Deep Democracy	2008	2000	2008-07-01 12:00:00
0949696412	Aboriginal Australians	1987-07-01	Aboriginal People in Our Community	1987	1980	1987-07-01 12:00:00
1876628669	Aboriginal Australians	2001-07-01	A Review of Cancer Among Aboriginal People in Western Australia	2001	2000	2001-07-01 12:00:00
0724614028	Aboriginal Australian poetry	1988-07-01	Tagarena, a Tear	1988	1980	1988-07-01 12:00:00
0731689151	Aboriginal Australians	1989-07-01	Diabetes Mellitus in Australian Aboriginal People with a Section on Hypertension	1989	1980	1989-07-01 12:00:00
1741876842	Eye	2011-07-01	Eye Health Services for Aboriginal People	2011	2010	2011-07-01 12:00:00
OCLC:44894936	Aboriginal Australians	1999-07-01	Zero Tolerance Policing	1999	1990	1999-07-01 12:00:00
1894624041	Discrimination in medical care	2005-07-01	Canadian Aboriginal People Living with HIV/AIDS	2005	2000	2005-07-01 12:00:00
1157573312	Computers	2010-06-15	Aboriginal Peoples in Canadian Territories	2010	2010	2010-06-15 12:00:00
OCLC:930069474	Aboriginal Tasmanians	2004-07-01	Cultural Exchange Between Japanese Indigenous People Ainu, Tasmanian Aboriginal People and Tasmanian Conservation Groups	2004	2000	2004-07-01 12:00:00
0975072587	Aboriginal Australians	2004-07-01	Clinical Management of Aboriginal People with Co-Existing Diabetes and Alcohol Related Health Problems - A Review	2004	2000	2004-07-01 12:00:00
1100139702	Canada	2009-07-01	Implementing Canada's Economic Action Plan	2009	2000	2009-07-01 12:00:00
0731636430	Aboriginal Australians	1988-07-01	Reconciliation, Celebration and Aboriginal People	1988	1980	1988-07-01 12:00:00
OCLC:321074104	Handicapped Rehabilitation Canada	1993-07-01	Completing the Circle : a Report on Aboriginal People with Disabilities	1993	1990	1993-07-01 12:00:00
OCLC:225817402	Aboriginal Tasmanians	1900-07-01	Tasmanian Aboriginal People	1900	1900	1900-07-01 12:00:00
OCLC:47038199	Minorities in television broadcasting	2001-07-01	Internet Zone of the Aboriginal People	2001	2000	2001-07-01 12:00:00
OCLC:885290726	Aboriginal Australians	2012-07-01	Services Our Way	2012	2010	2012-07-01 12:00:00
OCLC:224705315	Business enterprises	2005-07-01	Directory of Business Services for Aboriginal People	2005	2000	2005-07-01 12:00:00
1242646035	Social Science	2011-08-15	Aboriginal Peoples in Quebec, Including	2011	2010	2011-08-15 12:00:00
0730862216	Aboriginal Australians	1999-07-01	Aboriginal People and the Criminal Justice System	1999	1990	1999-07-01 12:00:00
OCLC:271587460	Aboriginal Australians	2006-07-01	Access to Records Relating to Aboriginal People	2006	2000	2006-07-01 12:00:00
OCLC:936604876	Environmental policy	1995-07-01	Circumpolar Aboriginal People and Co-management Practice	1995	1990	1995-07-01 12:00:00
177114162X	Mental healing	2014-07-01	Journey to Healing	2014	2010	2014-07-01 12:00:00
0642114005	Aboriginal Australians	1994-07-01	Taking Advantage	1994	1990	1994-07-01 12:00:00
9780522853490	Health & Fitness	2007-07-01	Benelong's Haven	2007	2000	2007-07-01 12:00:00
OCLC:184879081	Aboriginal Australians	1989-07-01	The Privatisation of Service Delivery to Indigenous People Within the Criminal Justice System	1989	1980	1989-07-01 12:00:00
OCLC:727009587	Aboriginal Australians	1999-07-01	Home Ownership for Indigenous People Living on Community Title Land in Queensland	1999	1990	1999-07-01 12:00:00
OCLC:277162603	Aborigines Inland Mission of Australia	2007-07-01	A Missionary in the Family	2007	2000	2007-07-01 12:00:00
OCLC:222731612	Aboriginal Australians	1992-07-01	Aboriginal People of the Northern Territory	1992	1990	1992-07-01 12:00:00
OCLC:828733661	Aboriginal Australians	2013-07-01	Conducting Research with Indigenous People and Communities	2013	2010	2013-07-01 12:00:00
OCLC:223530046	Astronomy, Aboriginal Australian	2002-07-01	Astronomy and Australian Indigenous People	2002	2000	2002-07-01 12:00:00
OCLC:220224782	Aboriginal Australians	1986-07-01	Post Secondary Courses in South Australia for Aboriginal People	1986	1980	1986-07-01 12:00:00
OCLC:782127751	Aboriginal Australians	2008-07-01	Blueprint for the Integration and Employment of Indigenous People Into the Commercial Media Industry	2008	2000	2008-07-01 12:00:00
OCLC:224939204	Aboriginal Australians	2002-07-01	A Study of the Use of Free Nicotine Patches by Indigenous People	2002	2000	2002-07-01 12:00:00
0977519104	Aboriginal Australians	2006-07-01	Breaking New Ground	2006	2000	2006-07-01 12:00:00
1897285809	HIV infections	2009-07-01	Residential Schools, Prisons, and HIV/AIDS Among Aboriginal People in Canada	2009	2000	2009-07-01 12:00:00
OCLC:707713054	HIV infections	2006-07-01	Aboriginal People and Incarceration Issues Related to HIV/AIDS, Hepatitis C and Residential Schooling	2006	2000	2006-07-01 12:00:00
OCLC:224251406	Aboriginal Australians	1993-07-01	Resources Allocated to Services to Aboriginal People by Western Australian Government Agencies 1992-93	1993	1990	1993-07-01 12:00:00
OCLC:755294442	Indians of North America	2011-07-01	The Association Between Obesity, Aboriginal Or Indigenous People, Indian Or Alaskan Natives Living in North America and Residence in Remote Locations and Severe Outcomes with Seasonal and Pandemic Influenza	2011	2010	2011-07-01 12:00:00
1896735347	HIV-positive persons	1999-01-01	Discrimination, HIV/AIDS and Aboriginal People	1999	1990	1999-01-01 12:00:00
OCLC:224748173	Aboriginal Australians	2003-07-01	Sustainable Housing for Traditional Living Aboriginal People Moving to Adelaide	2003	2000	2003-07-01 12:00:00
0724379371	Aboriginal Australians	1986-07-01	Traditional Ngarinyeri People	1986	1980	1986-07-01 12:00:00
1158220103	Indians of North America	2010-06-15	Violence Against Aboriginal People in Canad	2010	2010	2010-06-15 12:00:00
OCLC:219797825	Aboriginal Australians	1983-07-01	An Interim Report on Research Into the Needs of Aboriginal People for Training in the Techniques of Film and Television	1983	1980	1983-07-01 12:00:00
OCLC:50336168	Indigenous peoples	2000-07-01	Measuring Residential Mobility of Urban Aboriginal People	2000	2000	2000-07-01 12:00:00
OCLC:298553722	Aboriginal Australians	1999-07-01	Funding and Services for Aboriginal People and Organisations in Western Australia	1999	1990	1999-07-01 12:00:00
0646337858	Aboriginal Australians	2003-07-01	Better Medication Management for Aboriginal People with Mental Health Disorders and Their Carers	2003	2000	2003-07-01 12:00:00
OCLC:38833184	Aboriginal Australians	1997-07-01	Improving Aboriginal People's Access to Alice Springs Hospital Services	1997	1990	1997-07-01 12:00:00
0730891410	Aboriginal Australians	2002-07-01	A Planning Framework for Services to Aboriginal People in the Port Adelaide Area	2002	2000	2002-07-01 12:00:00
1100222030	Electronic books	2013-07-01	Aboriginal Peoples in Canada	2013	2010	2013-07-01 12:00:00
OCLC:222225339	Aboriginal Australians	1988-07-01	The Needs of Aboriginal People with Children in the Darwin and Palmerston Areas	1988	1980	1988-07-01 12:00:00
0731370287	Aboriginal Australians	2000-07-01	Discovering Democracy	2000	2000	2000-07-01 12:00:00
OCLC:270891106	Criminal justice, Administration of	2001-07-01	Report on Domestic Violence Policies and Their Impact on Aboriginal People	2001	2000	2001-07-01 12:00:00
187739436X	Aboriginal Australians	2010-12-15	Pathways to Prosperity for Indigenous People	2010	2010	2010-12-15 12:00:00
OCLC:224130592	Smoking cessation	2003-07-01	Assessing the Evidence for Tobacco Interventions for Indigenous People in the Northern Territory	2003	2000	2003-07-01 12:00:00
OCLC:858691182	Aboriginal Australians	2013-07-01	Review of Kidney Disease Among Indigenous People	2013	2010	2013-07-01 12:00:00
0730712915	Aboriginal Australians	2001-07-01	Insights - Strategies for Success	2001	2000	2001-07-01 12:00:00
0643106316	Aboriginal Australians	2011-07-01	Water and Indigenous People in the Pilbara, Western Australia	2011	2010	2011-07-01 12:00:00
OCLC:223336239	Aboriginal Australians	2000-07-01	The Nature of Relations Between Indigenous People and the Police in Australia	2000	2000	2000-07-01 12:00:00
OCLC:225566658	Aboriginal Australians	2001-07-01	Encounters	2001	2000	2001-07-01 12:00:00
9832188644	Aboriginal Australians	2001-07-01	Archetypes in the Cosmogonic Myths of the Australian Aboriginal People and the Kadazandusuns of Sabah	2001	2000	2001-07-01 12:00:00
OCLC:220875387	Aboriginal Australians	1989-07-01	A Survey of Drug Usage Amongst Young Aboriginal People Frequenting Inner City Perth	1989	1980	1989-07-01 12:00:00
OCLC:222838916	Prisoners, Aboriginal Australian	1979-07-01	Aboriginal People and the N.S.W. Criminal Justice System	1979	1970	1979-07-01 12:00:00
OCLC:782119807	Aboriginal Australians	2005-07-01	Survey of Local Aboriginal People Formerly Employed at Century Mine	2005	2000	2005-07-01 12:00:00
OCLC:225779675	Aboriginal Australians	2007-07-01	Widjabul Aboriginal People	2007	2000	2007-07-01 12:00:00
OCLC:906456033	Aboriginal Australians	1950-07-01	Australia's Aboriginal People	1950	1950	1950-07-01 12:00:00
OCLC:278287574	Aboriginal Australians	2005-07-01	Aboriginal People at Homebush Bay	2005	2000	2005-07-01 12:00:00
OCLC:681354029	Aboriginal Australians	1993-07-01	Mutooroo: Plant Use by Australian Aboriginal People	1993	1990	1993-07-01 12:00:00
OCLC:220895919	Aboriginal Australians	1975-07-01	"Conference on ""drink Related"" Problems Amongst Aboriginal People 9th and 10th December, 1975 at Rymill Conference Centre, Wood House, S. Aust"	1975	1970	1975-07-01 12:00:00
0646210599	Aboriginal Australians	1994-07-01	Selected Historical Photographs of Aboriginal People in the Mount Isa Area	1994	1990	1994-07-01 12:00:00
9781921666216	BIOGRAPHY & AUTOBIOGRAPHY	2010-01-01	Racial Folly	2010	2010	2010-01-01 12:00:00
STANFORD:36105020596610	Aboriginal Australians	1991-01-01	The Health of Aboriginal Australia	1991	1990	1991-01-01 12:00:00
0774806788	History	1999-05-01	Colonizing Bodies	1999	1990	1999-05-01 12:00:00
0919311318	Law	2001-07-01	Constitutional Law of Canada: Federalism, aboriginal peoples, procedure and remedies	2001	2000	2001-07-01 12:00:00
STANFORD:36105113024298	Political Science	2002-07-01	Who are Canada's Aboriginal Peoples?	2002	2000	2002-07-01 12:00:00
192140163X	History	2011-07-01	Justice	2011	2010	2011-07-01 12:00:00
PSU:000021322693	Social Science	1988-07-01	Guide to records relating to aboriginal people	1988	1980	1988-07-01 12:00:00
9781741150728	Social Science	1999-07-01	Land Is Life	1999	1990	1999-07-01 12:00:00
UOM:49015002468511	Juvenile Nonfiction	1998-07-01	Animal Dreaming	1998	1990	1998-07-01 12:00:00
OCLC:846803324	Aboriginal Australians	2013-07-01	Cullunghutti	2013	2010	2013-07-01 12:00:00
0980542529	Aboriginal Australians	2013-07-01	Yunti Ngarni Lakun Thunggari 'together We are Weaving Our Language'	2013	2010	2013-07-01 12:00:00
9780855752156	Psychology	1992-07-01	Heavy Metal	1992	1990	1992-07-01 12:00:00
9780855753993	Biography & Autobiography	2005-01-01	Paint Me Black	2005	2000	2005-01-01 12:00:00
STANFORD:36105010578933	Australia	1994-07-01	Parliamentary Debates Australia	1994	1990	1994-07-01 12:00:00
0919441777	Political Science	1995-07-01	A tortured people	1995	1990	1995-07-01 12:00:00
0868406058	Social Science	2002-07-01	Indigenous Futures	2002	2000	2002-07-01 12:00:00
9781442659254	Law	2015-02-01	Recognizing Aboriginal Title	2015	2010	2015-02-01 12:00:00
1862871973	Aboriginal Australians	1996-01-15	Majah	1996	1990	1996-01-15 12:00:00
9781442690837	Body, Mind & Spirit	1998-07-04	Into the Daylight	1998	1990	1998-07-04 12:00:00
1410928136	Juvenile Nonfiction	2007-07-01	Living in the Australian Outback	2007	2000	2007-07-01 12:00:00
0855752424	Cooking	1993-01-01	Tables of Composition of Australian Aboriginal Foods	1993	1990	1993-01-01 12:00:00
UOM:39015012885540	Biography & Autobiography	1985-01-01	Born a Half-caste	1985	1980	1985-01-01 12:00:00
1876334150	History	1998-07-01	Aboriginal Legends	1998	1990	1998-07-01 12:00:00
1922059730	Aboriginal Australians	2015-11-01	The Wentworth Lectures	2015	2010	2015-11-01 12:00:00
9780855752477	Art	1993-01-01	King Plates	1993	1990	1993-01-01 12:00:00
1553656423	Political Science	2010-09-18	Oka	2010	2010	2010-09-18 12:00:00
1875560149	History	1992-07-01	For Their Own Good	1992	1990	1992-07-01 12:00:00
9780774859653	Social Science	2011-01-01	Fort Chipewyan and the Shaping of Canadian History, 1788-1920s	2011	2010	2011-01-01 12:00:00
9780643096998	History	2010-07-01	Pastoral Australia	2010	2010	2010-07-01 12:00:00
1571815759	Social Science	2004-07-01	Cultivating Arctic Landscapes	2004	2000	2004-07-01 12:00:00
0822329492	Art	2002-12-16	Painting Culture	2002	2000	2002-12-16 12:00:00
1550501550	Fiction	1999-07-01	Under the night sun	1999	1990	1999-07-01 12:00:00
1472443837	Religion	2016-01-28	Religion and Non-Religion Among Australian Aboriginal Peoples	2016	2010	2016-01-28 12:00:00
0702223530	Foreign Language Study	1991-05-01	Australian aboriginal languages	1991	1990	1991-05-01 12:00:00
070222958X	History	1997-06-15	Our land is our life	1997	1990	1997-06-15 12:00:00
9780773576599	History	2009-01-01	No Place for Fairness	2009	2000	2009-01-01 12:00:00
1875559957	Biography & Autobiography	2000-07-01	Kick the Tin	2000	2000	2000-07-01 12:00:00
077351807X	Art	1998-07-01	Trading Identities	1998	1990	1998-07-01 12:00:00
9781465517319	African American women authors	1926-07-01	Wonderful Ethiopians of the Ancient Cushite Empire	1926	1920	1926-07-01 12:00:00
9781477155943	Biography & Autobiography	2012-07-01	William Cooper, Gentle Warrior	2012	2010	2012-07-01 12:00:00
STANFORD:36105017702205	Aboriginal Australians	1996-01-01	Reading Aboriginal Women's Autobiography	1996	1990	1996-01-01 12:00:00
IND:30000092604366	Political Science	2002-01-01	Planning for Country	2002	2000	2002-01-01 12:00:00
9780855754563	Social Science	2004-01-15	Paddy Cahill of Oenpelli	2004	2000	2004-01-15 12:00:00
0754651282	Religion	2005-07-01	Aboriginal Religions in Australia	2005	2000	2005-07-01 12:00:00
1864501871	Australia	2002-07-01	Outback Australia	2002	2000	2002-07-01 12:00:00
0855753056	History	1997-01-01	Travelling with Percy	1997	1990	1997-01-01 12:00:00
HARVARD:32044043468958	Indians of North America	1913-07-01	The Weathering of Aboriginal Stone Artifacts, No. 1	1913	1910	1913-07-01 12:00:00
1740703251	Aboriginal Australians	2006-07-01	My Mob	2006	2000	2006-07-01 12:00:00
1442519584	Aboriginal Australians	2009-07-01	Remembering Coniston	2009	2000	2009-07-01 12:00:00
0855753188	Fiction	1998-01-15	Maggie Jackson's Kid	1998	1990	1998-01-15 12:00:00
0889226083	Drama	2009-07-01	Where the Blood Mixes	2009	2000	2009-07-01 12:00:00
0494490381	Adjustment (Psychology)	2008-07-01	"""Sometimes You Just Feel Like You Have Had Enough"": A Community-based Study on Men's Experiences with Stress"	2008	2000	2008-07-01 12:00:00
UCAL:$B587072	Indigenous peoples	1919-07-01	The Question of Aborigines in the Law and Practice of Nations	1919	1910	1919-07-01 12:00:00
UOM:39015062359131	Indigenous peoples	1919-07-01	The Question of Aborigines in the Law and Practice of Nations, Including a Collection of Authorities and Documents	1919	1910	1919-07-01 12:00:00
8174790268	Indigenous peoples	1998-01-01	Changing Tribal Life In British Orissa	1998	1990	1998-01-01 12:00:00
UOM:39015041799233	Aboriginal Australians	1997-07-01	"""My Dear Spencer"""	1997	1990	1997-07-01 12:00:00
UVA:X006080401	Biography & Autobiography	1998-01-01	The Road to Australia	1998	1990	1998-01-01 12:00:00
STANFORD:36105043779219	Law	1982-07-01	An Australian legal history	1982	1980	1982-07-01 12:00:00
OSU:32435023753965	Great Britain	1914-07-01	The English People Overseas	1914	1910	1914-07-01 12:00:00
1863683445	Social Science	2001-07-01	We Won the Victory	2001	2000	2001-07-01 12:00:00
UOM:39015018935661	Art	1989-07-01	Aboriginality	1989	1980	1989-07-01 12:00:00
STANFORD:36105131738382	History	2008-07-01	The curse of history	2008	2000	2008-07-01 12:00:00
085575348X	Social Science	2000-01-01	Love Against the Law	2000	2000	2000-01-01 12:00:00
UOM:39015070465193	America	1889-07-01	Narrative and Critical History of America: Aboriginal America. 1889	1889	1880	1889-07-01 12:00:00
NYPL:33433088797463	America	1889-07-01	Narrative and Critical History of America: Aboriginal America. [c1889	1889	1880	1889-07-01 12:00:00
CHI:086767088	Aboriginal Australians	1907-07-01	The Place of the Australian Aboriginal in Recent Anthropological Research	1907	1900	1907-07-01 12:00:00
PRNC:32101068972957	Ethnology	1914-07-01	The History of Melanesian Society	1914	1910	1914-07-01 12:00:00
NYPL:33433081682084	America Antiquities	1919-07-01	Handbook of Aboriginal American Antiquities	1919	1910	1919-07-01 12:00:00
PRNC:32101064232711	English essays	1872-07-01	Chambers' Papers for the People	1872	1870	1872-07-01 12:00:00
CORNELL:31924028652661	Indians of North America	1911-07-01	The Aborigines of Minnesota	1911	1910	1911-07-01 12:00:00
HARVARD:32044022669972	Pacific railroads	1874-07-01	Mission of the North American People, Geographical, Social, and Political	1874	1870	1874-07-01 12:00:00
UOM:39015082463830	Encyclopedias and dictionaries	1911-07-01	The Volume Library	1911	1910	1911-07-01 12:00:00
UCAL:$B730647	Mountaineering	1916-07-01	Mazama	1916	1910	1916-07-01 12:00:00
PRNC:32101066938513	Agricultural machinery	1886-07-01	Colonial and Indian Exhibition, 1886, Empire of India--special Catalogue of Exhibits by the Government of India and Private Exhibitors	1886	1880	1886-07-01 12:00:00
WISC:89077054419	Missionary societies	1891-07-01	The Encyclopædia of Missions	1891	1890	1891-07-01 12:00:00
IND:32000000682783	American periodicals	1857-07-01	United States Magazine	1857	1850	1857-07-01 12:00:00
HARVARD:32044106492358	Legislation	1861-07-01	Parliamentary Papers, House of Commons and Command	1861	1860	1861-07-01 12:00:00
UOM:39015060289546	Dentistry	1886-07-01	Transactions of the Indiana State Dental Association	1886	1880	1886-07-01 12:00:00
OXFORD:N10554835	Aboriginal Australians	1863-07-01	The Wild White Man and the Blacks of Victoria	1863	1860	1863-07-01 12:00:00
NYPL:33433082436407	Civilization, Oriental	1908-07-01	More japonico	1908	1900	1908-07-01 12:00:00
PRNC:32101059963189	History	1894-07-01	Nicea-Tunis	1894	1890	1894-07-01 12:00:00
UOM:39015089046067	New Zealand	1894-07-01	Parliamentary Debates	1894	1890	1894-07-01 12:00:00
NYPL:33433003306499	Bengal (India)	1875-07-01	A Statistical Account of Bengal	1875	1870	1875-07-01 12:00:00
IOWA:31858016505616	Medicine, Military	1922-07-01	The Military Surgeon	1922	1920	1922-07-01 12:00:00
UIUC:30112004299522	Medicine, Military	1922-07-01	Military Medicine	1922	1920	1922-07-01 12:00:00
UCAL:B4432100	Encyclopedias and dictionaries	1912-07-01	The Americana	1912	1910	1912-07-01 12:00:00
UIUC:30112045072284	Encyclopedias and dictionaries	1911-07-01	The Americana	1911	1910	1911-07-01 12:00:00
HARVARD:32044005448451	Scotland	1888-07-01	Caledonia, Or, A Historical and Topographical Account of North Britain from the Most Ancient to the Present Times	1888	1880	1888-07-01 12:00:00
STANFORD:36105049337202	Geology	1891-07-01	The Story of Our Continent	1891	1890	1891-07-01 12:00:00
HARVARD:HX26SJ	Industries	1897-07-01	The United States of America	1897	1890	1897-07-01 12:00:00
UOM:39015026247356	Human beings	1868-07-01	Chapters on Man	1868	1860	1868-07-01 12:00:00
0582800528	Aboriginal Australians	1979-07-01	Manganinnie	1979	1970	1979-07-01 12:00:00
OXFORD:590842805	Greenland	1877-07-01	Danish Greenland, Its People and Its Products	1877	1870	1877-07-01 12:00:00
HARVARD:32044036967420	Aboriginal Tasmanians	1870-07-01	Daily Life and Origin of the Tasmanians	1870	1870	1870-07-01 12:00:00
UCD:31175011720169	Ethnic groups	1857-07-01	Types of Mankind	1857	1850	1857-07-01 12:00:00
UOM:39015068381378	Encyclopedias and dictionaries	1883-07-01	The American Cyclopaedia	1883	1880	1883-07-01 12:00:00
PSU:000023779570	Encyclopedias and dictionaries	1881-07-01	The American Cyclopædia	1881	1880	1881-07-01 12:00:00
CORNELL:31924093079360	Science	1905-07-01	Transactions of the Royal Society of Edinburgh	1905	1900	1905-07-01 12:00:00
UOM:39015082497911	Brick trade	1897-07-01	Brick and Clay Record	1897	1890	1897-07-01 12:00:00
HARVARD:32044081796294	Anglican Communion	1908-07-01	The Pan-Anglican Congress, 1908	1908	1900	1908-07-01 12:00:00
OSU:32435066010844	Great Britain	1899-07-01	Parliamentary Papers	1899	1890	1899-07-01 12:00:00
CHI:16475926	Education	1883-07-01	Report	1883	1880	1883-07-01 12:00:00
NYPL:33433089913606	Christian life	1921-07-01	Moody Bible Institute Monthly	1921	1920	1921-07-01 12:00:00
WISC:89095839155	Australia	1901-07-01	The Exploration of Australia	1901	1900	1901-07-01 12:00:00
HARVARD:HNSVB8	Negritos	1904-07-01	Negritos of Zambales	1904	1900	1904-07-01 12:00:00
UIUC:30112111000318	Science	1904-07-01	Publication	1904	1900	1904-07-01 12:00:00
CHI:57757067	India	1901-07-01	Report of the Indian Famine Commission, 1901	1901	1900	1901-07-01 12:00:00
UCBK:C080990632	Geography	1905-07-01	A Teachers' Handbook in Geography ...	1905	1900	1905-07-01 12:00:00
PSU:000019096674	History	1895-07-01	History for Ready Reference from the Best Historians, Biographers and Specialists	1895	1890	1895-07-01 12:00:00
CHI:20755902	Polynesia	1901-07-01	The Journal of the Polynesian Society	1901	1900	1901-07-01 12:00:00
STANFORD:36105015552354	History	1895-07-01	History for Ready Reference: Nicea-Tunis	1895	1890	1895-07-01 12:00:00
CORNELL:31924103125468	Indians of North America	1898-07-01	The Indian's Friend	1898	1890	1898-07-01 12:00:00
HARVARD:AH3RAI	Presbyterian Church	1909-07-01	The Assembly Herald	1909	1900	1909-07-01 12:00:00
PRNC:32101067932424	Geography	1914-07-01	Bulletin of the American Geographical Society	1914	1910	1914-07-01 12:00:00
HARVARD:TZ1K8H	Teeth	1915-07-01	Precolumbian Decoration of the Teeth in Ecuador	1915	1910	1915-07-01 12:00:00
STANFORD:36105025657672	Bahamas	1915-07-01	Lucayan Artifacts from the Bahamas	1915	1910	1915-07-01 12:00:00
UIUC:30112087527922	Encyclopedias and dictionaries	1896-07-01	The Encyclopaedia Britannica	1896	1890	1896-07-01 12:00:00
NYPL:33433089906675	Bible	1909-07-01	Dictionary of the Bible	1909	1900	1909-07-01 12:00:00
MINN:31951T002526299	Encyclopedias and dictionaries	1903-07-01	The Encyclopædia Britannica: A-ZYM	1903	1900	1903-07-01 12:00:00
IND:30000095331918	Encyclopedias and dictionaries	1891-07-01	Encyclopaedia Britannica	1891	1890	1891-07-01 12:00:00
NYPL:33433086453556	Religion	1918-07-01	Prehistoric religion	1918	1910	1918-07-01 12:00:00
STANFORD:36105020009184	Ethnology	1905-07-01	Publications	1905	1900	1905-07-01 12:00:00
PSU:000057448787	Encyclopedias and dictionaries	1893-07-01	The Encyclopædia Britannica	1893	1890	1893-07-01 12:00:00
MINN:31951002246670K	Igorot (Philippine people)	1904-07-01	Ethnological Survey Publications	1904	1900	1904-07-01 12:00:00
NYPL:33433000989164	Encyclopedias and dictionaries	1896-07-01	The Encyclopaedia Britannica	1896	1890	1896-07-01 12:00:00
UCAL:C3292582	United States	1894-07-01	Census Reports Eleventh Census: 1890	1894	1890	1894-07-01 12:00:00
UCAL:C3210296	Medicine	1911-07-01	Medical Times	1911	1910	1911-07-01 12:00:00
UOM:39015073437876	Municipal government	1915-07-01	Pacific Municipalities	1915	1910	1915-07-01 12:00:00
UCAL:B2877934	Bengal (India)	1908-07-01	Bengal District Gazetteers	1908	1900	1908-07-01 12:00:00
UCAL:$B565412	United States	1914-07-01	Cyclopedia of American Government	1914	1910	1914-07-01 12:00:00
UVA:X030803052	Missions	1893-07-01	Missionary Review of the World ; 1878-1939	1893	1890	1893-07-01 12:00:00
SRLF:E0000005991	India	1906-07-01	The Cyclopedia of India	1906	1900	1906-07-01 12:00:00
UVA:X000357483	Atlases	1906-07-01	The Century Dictionary and Cyclopedia: Dictionary	1906	1900	1906-07-01 12:00:00
PRNC:32101076897212	America	1905-07-01	Actas	1905	1900	1905-07-01 12:00:00
STANFORD:36105026504790	Ethnology	1905-07-01	International Congress of Americanists	1905	1900	1905-07-01 12:00:00
UOM:39015071440286	Indians of North America	1945-07-01	Handbook of Federal Indian Law	1945	1940	1945-07-01 12:00:00
WISC:89016109662	Bible	1902-07-01	The People's Bible History	1902	1900	1902-07-01 12:00:00
IND:32000000698706	Short stories, American	1893-07-01	Munsey's Magazine for ...	1893	1890	1893-07-01 12:00:00
NYPL:33433003244872	Encyclopedias and dictionaries	1902-07-01	Universal Cyclopaedia and Atlas	1902	1900	1902-07-01 12:00:00
PRNC:32101078162979	Encyclopedias and dictionaries	1895-07-01	Johnson's Universal Cyclopaedia	1895	1890	1895-07-01 12:00:00
UCAL:C2557577	Encyclopedias and dictionaries	1900-07-01	The Universal Cyclopædia	1900	1900	1900-07-01 12:00:00
UVA:X006172062	Encyclopedias and dictionaries	1907-07-01	The New Werner Twentieth Century Edition of the Encyclopaedia Britannica	1907	1900	1907-07-01 12:00:00
NYPL:33433082412663	World history	1897-07-01	Ridpath's Universal History	1897	1890	1897-07-01 12:00:00
HARVARD:HN3278	Ethnology	1897-07-01	Ridpath's History of the World	1897	1890	1897-07-01 12:00:00
UOM:39015066615199	Bengal (India)	1908-07-01	Puri	1908	1900	1908-07-01 12:00:00
CORNELL:31924010309775	Indians of North America	1888-07-01	The American Indian (Uh-nish-in-na-ba)	1888	1880	1888-07-01 12:00:00
UCAL:B2993731	India	1886-07-01	The Imperial Gazetteer of India	1886	1880	1886-07-01 12:00:00
OSU:32435031007107	Ethnology	1893-07-01	Great Races of Mankind	1893	1890	1893-07-01 12:00:00
STANFORD:36105120107714	Belgium	1906-07-01	The Congo Independent State	1906	1900	1906-07-01 12:00:00
STANFORD:36105025620878	Society of Friends	1884-07-01	Friends' Intelligencer	1884	1880	1884-07-01 12:00:00
